{
    "South Carolina": [
        54620,
        [
            33.836081,
            -81.1637245
        ]
    ],
    "Charleston County (S.C.)": [
        92,
        [
            32.7956561,
            -79.7848422
        ]
    ],
    "New York": [
        87,
        [
            40.7127837,
            -74.0059413
        ]
    ],
    "Philadelphia": [
        121,
        [
            39.9525839,
            -75.1652215
        ]
    ],
    "New Orleans": [
        1,
        [
            29.9510658,
            -90.0715323
        ]
    ],
    "Boston": [
        8,
        [
            42.3600825,
            -71.0588801
        ]
    ],
    "[Philadelphia]": [
        6,
        [
            39.9525839,
            -75.1652215
        ]
    ],
    "Buffalo, New York": [
        6,
        [
            42.8864468,
            -78.8783689
        ]
    ],
    "Cincinnati, Ohio": [
        8,
        [
            39.1031182,
            -84.5120196
        ]
    ],
    "Chicago": [
        3,
        [
            41.8781136,
            -87.6297982
        ]
    ],
    "Lancaster, PA": [
        2,
        [
            40.0378755,
            -76.3055144
        ]
    ],
    "Hartford": [
        1,
        [
            41.7637111,
            -72.6850932
        ]
    ],
    "Pennsylvania": [
        1,
        [
            41.2033216,
            -77.1945247
        ]
    ],
    "Massachusetts": [
        2,
        [
            42.4072107,
            -71.3824374
        ]
    ],
    "Cincinnati": [
        3,
        [
            39.1031182,
            -84.5120196
        ]
    ],
    "Whar is Massa Jeff now, dat's what's de matter.": [
        1,
        [
            null,
            null
        ]
    ],
    "Baltimore": [
        1,
        [
            39.2903848,
            -76.6121893
        ]
    ],
    "Salem, Mass.": [
        1,
        [
            42.51954,
            -70.8967155
        ]
    ],
    "Hartford, Connecticut": [
        5,
        [
            41.7637111,
            -72.6850932
        ]
    ],
    "Ohio": [
        1,
        [
            40.4172871,
            -82.907123
        ]
    ],
    "Indianapolis, Indiana": [
        1,
        [
            39.768403,
            -86.158068
        ]
    ],
    "London Journal; New York Ledger": [
        1,
        [
            null,
            null
        ]
    ],
    "New York Ledger": [
        7,
        [
            40.7421356,
            -73.9177217
        ]
    ],
    "National Era (Washington, DC)": [
        2,
        [
            38.888684,
            -77.004719
        ]
    ],
    "Saturday Evening Post (Philadelphia, PA)": [
        2,
        [
            null,
            null
        ]
    ],
    "National Era; London Journal": [
        1,
        [
            null,
            null
        ]
    ],
    "New York Ledger; London Journal": [
        4,
        [
            null,
            null
        ]
    ],
    "New York Ledger; London Reader": [
        1,
        [
            null,
            null
        ]
    ],
    "Saturday Evening Post": [
        1,
        [
            39.782593,
            -86.181596
        ]
    ]
}