{
    "South Carolina": {
        "num": 54620,
        "latlng": [
            33.836081,
            -81.1637245
        ]
    },
    "Charleston County (S.C.)": {
        "num": 92,
        "latlng": [
            32.7956561,
            -79.7848422
        ]
    },
    "New York": {
        "num": 87,
        "latlng": [
            40.7127837,
            -74.0059413
        ]
    },
    "Philadelphia": {
        "num": 121,
        "latlng": [
            39.9525839,
            -75.1652215
        ]
    },
    "New Orleans": {
        "num": 1,
        "latlng": [
            29.9510658,
            -90.0715323
        ]
    },
    "Boston": {
        "num": 8,
        "latlng": [
            42.3600825,
            -71.0588801
        ]
    },
    "[Philadelphia]": {
        "num": 6,
        "latlng": [
            39.9525839,
            -75.1652215
        ]
    },
    "Buffalo, New York": {
        "num": 6,
        "latlng": [
            42.8864468,
            -78.8783689
        ]
    },
    "Cincinnati, Ohio": {
        "num": 8,
        "latlng": [
            39.1031182,
            -84.5120196
        ]
    },
    "Chicago": {
        "num": 3,
        "latlng": [
            41.8781136,
            -87.6297982
        ]
    },
    "Lancaster, PA": {
        "num": 2,
        "latlng": [
            40.0378755,
            -76.3055144
        ]
    },
    "Hartford": {
        "num": 1,
        "latlng": [
            41.7637111,
            -72.6850932
        ]
    },
    "Pennsylvania": {
        "num": 1,
        "latlng": [
            41.2033216,
            -77.1945247
        ]
    },
    "Massachusetts": {
        "num": 2,
        "latlng": [
            42.4072107,
            -71.3824374
        ]
    },
    "Cincinnati": {
        "num": 3,
        "latlng": [
            39.1031182,
            -84.5120196
        ]
    },
    "Whar is Massa Jeff now, dat's what's de matter.": {
        "num": 1,
        "latlng": [
            null,
            null
        ]
    },
    "Baltimore": {
        "num": 1,
        "latlng": [
            39.2903848,
            -76.6121893
        ]
    },
    "Salem, Mass.": {
        "num": 1,
        "latlng": [
            42.51954,
            -70.8967155
        ]
    },
    "Hartford, Connecticut": {
        "num": 5,
        "latlng": [
            41.7637111,
            -72.6850932
        ]
    },
    "Ohio": {
        "num": 1,
        "latlng": [
            40.4172871,
            -82.907123
        ]
    },
    "Indianapolis, Indiana": {
        "num": 1,
        "latlng": [
            39.768403,
            -86.158068
        ]
    },
    "London Journal; New York Ledger": {
        "num": 1,
        "latlng": [
            null,
            null
        ]
    },
    "New York Ledger": {
        "num": 7,
        "latlng": [
            40.7421356,
            -73.9177217
        ]
    },
    "National Era (Washington, DC)": {
        "num": 2,
        "latlng": [
            38.888684,
            -77.004719
        ]
    },
    "Saturday Evening Post (Philadelphia, PA)": {
        "num": 2,
        "latlng": [
            null,
            null
        ]
    },
    "National Era; London Journal": {
        "num": 1,
        "latlng": [
            null,
            null
        ]
    },
    "New York Ledger; London Journal": {
        "num": 4,
        "latlng": [
            null,
            null
        ]
    },
    "New York Ledger; London Reader": {
        "num": 1,
        "latlng": [
            null,
            null
        ]
    },
    "Saturday Evening Post": {
        "num": 1,
        "latlng": [
            39.782593,
            -86.181596
        ]
    }
}